0,/p/rain.01.noorderlicht
131.119,/p/rain.02.cubes
132.586,/p/rain.02.cubes
134.073,/p/rain.02.cubes
135.558,/p/rain.02.cubes
137.045,/p/rain.02.cubes
138.515,/p/rain.02.cubes
139.999,/p/rain.02.cubes
141.486,/p/rain.02.cubes
142.22,/p/rain.03.tear
142.956,/p/rain.02.cubes
144.44,/p/rain.02.cubes
145.925,/p/rain.02.cubes
147.403,/p/rain.02.cubes
148.886,/p/rain.02.cubes
150.368,/p/rain.02.cubes
151.849,/p/rain.02.cubes
153.329,/p/rain.02.cubes
154.807,/p/rain.02.cubes
156.293,/p/rain.02.cubes
157.779,/p/rain.02.cubes
159.266,/p/rain.02.cubes
160.736,/p/rain.02.cubes
162.236,/p/rain.02.cubes
163.696,/p/rain.02.cubes
165.18,/p/rain.02.cubes
166.661,/p/rain.02.cubes
168.148,/p/rain.02.cubes
169.627,/p/rain.02.cubes
171.105,/p/rain.02.cubes
172.588,/p/rain.02.cubes
174.073,/p/rain.02.cubes
175.557,/p/rain.02.cubes
177.04,/p/rain.02.cubes
178.517,/p/rain.02.cubes
179.994,/p/rain.02.cubes
181.48,/p/rain.02.cubes
182.958,/p/rain.02.cubes
184.438,/p/rain.02.cubes
185.917,/p/rain.02.cubes
187.042,/p/rain.04.thunder
190.363,/p/rain.02.cubes
191.872,/p/rain.02.cubes
193.329,/p/rain.02.cubes
194.81,/p/rain.02.cubes
196.289,/p/rain.02.cubes
197.774,/p/rain.02.cubes
199.251,/p/rain.02.cubes
200.738,/p/rain.02.cubes
202.237,/p/rain.02.cubes
203.707,/p/rain.02.cubes
205.182,/p/rain.02.cubes
206.659,/p/rain.02.cubes
208.145,/p/rain.02.cubes
209.624,/p/rain.02.cubes
211.104,/p/rain.02.cubes
212.588,/p/rain.02.cubes
214.074,/p/rain.02.cubes
215.56,/p/rain.02.cubes
217.035,/p/rain.02.cubes
218.519,/p/rain.02.cubes
219.994,/p/rain.02.cubes
221.475,/p/rain.02.cubes
222.955,/p/rain.02.cubes
224.441,/p/rain.02.cubes
225.927,/p/rain.02.cubes
227.414,/p/rain.02.cubes
228.882,/p/rain.02.cubes
230.368,/p/rain.02.cubes
231.856,/p/rain.02.cubes
233.341,/p/rain.02.cubes
234.809,/p/rain.02.cubes
235.561,/p/rain.99.end
236.295,/p/rain.02.cubes
