0.0,/cfg/vidsload/operation,s,unload_video
0.01,/cfg/vidsload/video,s,mud/2.3_MUD_MACHINE_A_OPBOUW_v02.mov
0.02,/t/vidsload
0.03,/cfg/vidsload/video,s,mud/2.3_MUD_MACHINE_B_LOOP_v02.mov
0.04,/t/vidsload
0.07,/cfg/vidsload/video,s,mud/2.3_MUD_MACHINE_C_AFBOUW_v03.mov
0.08,/t/vidsload
0.09,/cfg/vidsload/video,s,mud/2.3_MUD_MACHINE_D_CUBEONLY_v02.mov
0.11,/t/vidsload
0.12,/cfg/vidsload/video,s,mud/2.3_MUD_MACHINE_E_NOCUBE_v02.mov
0.12,/t/vidsload
0.13,/cfg/vidsload/video,s,mud/2.3_MUD_SETTINGWHEEL_SPOT_3_v02.mov
0.13,/t/vidsload
0.14,/cfg/vidsload/video,s,mud/2.3_MUD_MOVING_WHITE_ROOF_1_v02.mov
0.14,/t/vidsload
0.15,/cfg/vidsload/video,s,mud/2.3_MUD_MOVING_WHITE_ROOF_2_v02.mov
0.15,/t/vidsload