0.0,/cfg/vidsunload/operation,s,unload_video
0.0,/cfg/vidsunload/video,s,rain/3.1_RAIN_NOORDERLICHT_A_START_v01.mov
0.0,/t/vidsunload
0.0,/cfg/vidsunload/video,s,rain/3.1_RAIN_NOORDERLICHT_B_LOOP_v01.mov
0.0,/t/vidsunload
0.0,/cfg/vidsunload/video,s,rain/3.1_RAIN_REGEN_A_START_v01.mov
0.0,/t/vidsunload
0.0,/cfg/vidsunload/video,s,rain/3.1_RAIN_REGEN_B_LOOP_v01.mov
0.0,/t/vidsunload
0.0,/cfg/vidsunload/video,s,rain/3.1_RAIN_REGEN_C_EIND_v01.mov
0.0,/t/vidsunload
0.0,/cfg/vidsunload/video,s,rain/3.1_RAIN_REGEN_TRAAN_v01.mov
0.0,/t/vidsunload
0.0,/cfg/vidsunload/video,s,rain/3.1_RAIN_THUNDER_v01.mov
0.0,/t/vidsunload
